﻿<?xml version="1.0" encoding="utf-8"?>
<resources>
  <declare-styleable name="MvxBinding">
    <attr name="MvxBind" format="string"/>
  </declare-styleable>
  <declare-styleable name="MvxListView">
    <attr name="MvxItemTemplate" format="string"/>
    <attr name="MvxDropDownItemTemplate" format="string"/>
  </declare-styleable>
  <item type="id" name="MvxBindingTagUnique"/>
  <declare-styleable name="MvxImageView">
    <attr name="MvxSource" format="string"/>
  </declare-styleable>
</resources>

