<metadata>
  <!--
  This sample removes the class: android.support.v4.content.AsyncTaskLoader.LoadTask:
  <remove-node path="/api/package[@name='android.support.v4.content']/class[@name='AsyncTaskLoader.LoadTask']" />
  
  This sample removes the method: android.support.v4.content.CursorLoader.loadInBackground:
  <remove-node path="/api/package[@name='android.support.v4.content']/class[@name='CursorLoader']/method[@name='loadInBackground']" />
  -->
  <attr path="/api/package[@name='com.baidu.mapapi']/class[@name='VersionInfo']/field[@name='VERSION_INFO']" name="name">VersionInfos</attr>
  <attr path="/api/package[@name='com.tencent.mm.sdk.modelbase']/class[@name='BaseResp']/field[@name='errCode']" name="name">ErrCodes</attr>
  <attr path="/api/package[@name='com.tencent.mm.sdk.modelmsg']/class[@name='WXMediaMessage']/field[@name='mediaObject']" name="name">MMMediaObject</attr>
</metadata>
